{
  "total_metpo_terms": 50,
  "total_results": 5934,
  "high_quality_results": 3357,
  "unique_ontologies": 467,
  "avg_similarity": 0.5383686976998927,
  "median_similarity": 0.5217391304347826
}