{
  "total_metpo_terms": 50,
  "total_results": 5527,
  "high_quality_results": 3036,
  "unique_ontologies": 472,
  "avg_similarity": 0.5276942351157013,
  "median_similarity": 0.5128205128205128
}